epoch,time,train/box_loss,train/cls_loss,train/dfl_loss,metrics/precision(B),metrics/recall(B),metrics/mAP50(B),metrics/mAP50-95(B),val/box_loss,val/cls_loss,val/dfl_loss,lr/pg0,lr/pg1,lr/pg2
1,10.9948,1.09644,2.75113,1.47836,0.56598,0.85,0.84903,0.63234,1.65088,1.07617,1.38306,0,0,0
2,12.2372,1.16491,2.77836,1.47498,0.55715,0.85,0.88731,0.62032,1.66538,1.06462,1.38314,1.17822e-06,1.17822e-06,1.17822e-06
